{
    "q25": 0.1769299823432055,
    "q50": 0.2615941121698565,
    "q75": 0.4508228317038162
}